Date,Title,Expected_OC,Predicted_OC,Expected_OC_perc,Predicted_OC_perc
2012-03-01,MDT.csv,0.15000200000000066,-0.07712197973498491,0.003931900187056364,-0.002021545889695757
2012-03-01,UAL.csv,0.21000100000000188,0.3321210253949025,0.010184335102602656,0.01610674147857231
2012-03-01,V.csv,0.06749899999999798,-0.094951682344786,0.002298816595957925,-0.00323377388092158
2012-03-01,LUK.csv,0.24342799999999803,-0.2264771606720412,0.008732118792514789,-0.008124067366037343
2012-03-01,CSCO.csv,0.03000100000000216,-0.04868602137802658,0.0015068307383225596,-0.002445304941136443
2012-03-02,PRGO.csv,1.1199949999999887,-2.913911776944849,0.010475075018239232,-0.02725319707679801
2012-03-02,DVN.csv,0.8399959999999993,0.6649445114625735,0.011375894440731001,0.009005207847825094
2012-03-02,A.csv,0.3218900000000033,-0.14959538180077048,0.01018796025476969,-0.004734759713204297
2012-03-02,MRO.csv,0.6800009999999972,0.7525192830826206,0.01988306959406221,0.02200348716605653
2012-03-02,EQIX.csv,2.9800110000000184,-1.1162968207365722,0.021012627647099314,-0.007871222434339409
2012-03-05,GILD.csv,0.365000000000002,-0.15562559909020285,0.015545144804088673,-0.006628006775562302
2012-03-05,A.csv,0.5865509999999929,-0.22107935656732836,0.0188073007665591,-0.007088737300318569
2012-03-05,UAL.csv,0.3000010000000017,-0.05261258414899106,0.014443957631198925,-0.002533104677370778
2012-03-05,FOX.csv,0.194345000000002,-0.012307613966789864,0.010967025957222926,-0.0006945273706309013
2012-03-05,LUK.csv,0.3213229999999996,-0.11374775148594506,0.01171454502932162,-0.004146927411875868
2012-03-06,MRO.csv,0.6400030000000001,1.035036839087998,0.01935883184032572,0.031307828426502406
2012-03-06,UAL.csv,0.4600010000000019,0.08682634135474833,0.022615585054080727,0.004268748345857833
2012-03-06,LUK.csv,0.6815969999999965,-0.10873006692660694,0.02564102949938929,-0.004090321485475603
2012-03-06,TPR.csv,2.259994000000006,0.27765591192827,0.02998134903083116,0.003683416330306699
2012-03-06,VRTX.csv,0.4099989999999991,-0.2305908499218846,0.010224414475033118,-0.005750395546700142
2012-03-07,UAL.csv,0.25,0.2134123960465449,0.01247504927769215,0.010649320628604006
2012-03-07,GILD.csv,0.19499899999999928,-0.15562559908986687,0.008502245847056687,-0.006785507123408503
2012-03-07,CSCO.csv,0.08999999999999986,0.06463707668482467,0.004615384615384608,0.003314721881273061
2012-03-07,TPR.csv,0.2900010000000037,0.3223809367516762,0.0039359527687296905,0.004375419879908742
2012-03-07,LUK.csv,0.1168440000000004,-0.10968288086903838,0.004484259670580936,-0.004209428975678344
2012-03-08,LUK.csv,0.1557940000000002,-0.10950194992406652,0.005941345601095515,-0.004175956253082488
2012-03-08,TROW.csv,-0.2700000000000031,0.020556847701318458,-0.004370346461158136,0.00033274276520008463
2012-03-08,FOX.csv,-0.06183599999999601,0.018703135972272508,-0.003521043754076083,0.0010649873875543383
2012-03-08,BA.csv,0.09999900000001104,0.4133441836252121,0.0013464252597184167,0.005565426152167639
2012-03-08,DVN.csv,0.5100020000000001,0.9865770703385102,0.007019019707183062,0.013577993614458241
2012-03-09,NLSN.csv,0.240000000000002,-1.0641397932454095,0.008072653884964748,-0.03579346765036695
2012-03-09,MRO.csv,0.2700010000000006,1.2227832734310475,0.008033352929683059,0.03638153040909006
2012-03-09,UAL.csv,0.2299989999999994,0.18001150583425454,0.011471272392582136,0.00897813041458279
2012-03-09,GILD.csv,0.25,-0.15562559908986687,0.01073191672032625,-0.006680643875933328
2012-03-09,BA.csv,0.8499979999999994,0.4740948541648649,0.01146476950991056,0.0063945894329573
2012-03-12,FOX.csv,0.18551300000000026,0.02399899568683141,0.010494788670133624,0.0013576643579088449
2012-03-12,DVN.csv,0.6099999999999994,1.1563441303382058,0.008505298264008662,0.016123035613708453
2012-03-12,TROW.csv,0.619999,0.06213955312887213,0.009839692424684729,0.0009861856070662329
2012-03-12,LUK.csv,0.3018510000000028,-0.10952978298501057,0.01146029447297106,-0.004158487354916248
2012-03-12,A.csv,0.5865520000000011,-0.26714488718439544,0.018451838318091527,-0.008403882802942037
2012-03-13,VRTX.csv,0.14000000000000054,0.15376142057527792,0.0033444815254543483,0.0036732302174402225
2012-03-13,ISRG.csv,-0.4400019999999927,1.4935614667122163,-0.0024905772833032857,0.008454121254473035
2012-03-13,UAL.csv,-0.05999999999999873,0.3070664268870326,-0.0030349013657055505,0.015531938638696645
2012-03-13,V.csv,-0.0899979999999978,0.29172306152341776,-0.0030792232288349873,0.009981115440674102
2012-03-13,PRGO.csv,0.239998,-5.882811504098594,0.002296851417300247,-0.05630023558904264
2012-03-14,DVN.csv,0.7900010000000037,1.3272734306545313,0.01095549839196374,0.018406232315189282
2012-03-14,MRO.csv,0.3500020000000035,1.4719589073767514,0.01028812463256918,0.043267457594848666
2012-03-14,VRTX.csv,0.5400010000000037,0.11391286099184827,0.012900166915906279,0.0027212818507063173
2012-03-14,UAL.csv,0.3099999999999987,0.3345717817781308,0.01571211353269127,0.016957515548815548
2012-03-14,LUK.csv,0.3797460000000008,-0.10953078660768922,0.014181787219040834,-0.004090477081007865
2012-03-15,PRGO.csv,1.1900030000000044,-6.606040699028156,0.011465487894156629,-0.06364814178032578
2012-03-15,FOX.csv,0.09717300000000152,0.031138593946070083,0.005355396201109422,0.001716109492623156
2012-03-15,CSCO.csv,0.14999899999999755,0.0259424652227941,0.007477517820414525,0.0012932435950168339
2012-03-15,TIF.csv,1.2000050000000044,0.565236709119442,0.017106271785993738,0.00805754373491596
2012-03-15,TPR.csv,0.3399969999999968,0.4551383006145512,0.004329517437024247,0.005795725282188672
2012-03-16,BA.csv,0.5600050000000039,0.7182145402679945,0.007391829266319236,0.00948012831715599
2012-03-16,TPR.csv,0.6700060000000008,0.5334245972850021,0.008534020926403756,0.006794352104143394
2012-03-16,A.csv,0.22174400000000105,-0.3859013817409381,0.006749360414214695,-0.011745921015734491
2012-03-16,UAL.csv,0.4599989999999998,0.4105415738732433,0.02253792258696716,0.020114726794377428
2012-03-16,TIF.csv,0.8499979999999994,0.6312273663840426,0.012340273475912015,0.009164160770565113
2012-03-19,EQIX.csv,1.5100100000000225,-0.09507365563004692,0.010624146534013154,-0.0006689203706849014
2012-03-19,A.csv,0.06438099999999736,-0.4427194598812277,0.001980299981566005,-0.013617640891594462
2012-03-19,VRTX.csv,0.08000200000000746,0.2667490964944664,0.0019175934343819282,0.006393794105960505
2012-03-19,TPR.csv,-0.06999999999999318,0.658873031822041,-0.0009056798951263199,0.008524686548031497
2012-03-19,MRO.csv,0.02999799999999908,1.9012737500081205,0.000869003476245628,0.05507745509872886
2012-03-20,MRO.csv,0.3100009999999997,1.9894002675429536,0.009082947287344049,0.05828890153102995
2012-03-20,VRTX.csv,0.6100009999999969,0.2763346855760386,0.014688201653941697,0.006653857265347842
2012-03-20,V.csv,0.4075010000000033,0.4305890409270372,0.013796055861193509,0.01457770769113964
2012-03-20,A.csv,0.18598199999999565,-0.4834541499687573,0.005766307984132923,-0.014989329746572815
2012-03-20,DVN.csv,1.129997000000003,1.6676682541573318,0.015060602626424172,0.02222668634391601
2012-03-21,MRO.csv,0.4899979999999928,1.9966772830958157,0.014527067892083988,0.059195887432428575
2012-03-21,UAL.csv,0.4200010000000027,0.5499024410994151,0.020019113441372863,0.02621079318872331
2012-03-21,LUK.csv,0.6134370000000047,-0.10953082415999146,0.02216748020820725,-0.003958063137298892
2012-03-21,GILD.csv,0.37000000000000105,-0.15562559908986687,0.015731292517006848,-0.006616734655181414
2012-03-21,DVN.csv,1.4199979999999923,1.7547685397286583,0.01913228214588669,0.0236427986538111
2012-03-22,MRO.csv,0.619999,2.164665117972263,0.01887938489646772,0.06591550298332104
2012-03-22,VRTX.csv,0.4400030000000044,0.3596274709044913,0.010710880685935807,0.008754319702917525
2012-03-22,LUK.csv,0.7302809999999944,-0.10953082414896186,0.02733231089940817,-0.004099422740983064
2012-03-22,UAL.csv,0.8699979999999954,0.600711187492522,0.04180672954381186,0.02886646883032152
2012-03-22,DVN.csv,1.1800010000000043,1.8453014806490688,0.016382077139831756,0.025618513206547025
2012-03-23,TPR.csv,0.9400030000000044,0.9784801855535784,0.012046687325986051,0.012539794926225466
2012-03-23,MDT.csv,0.25999799999999595,0.06503669879085411,0.0066734601302221785,0.0016693198270065178
2012-03-23,PRGO.csv,0.6999969999999962,-9.05060609955202,0.0067776627302252035,-0.0876317407744361
2012-03-23,TIF.csv,1.0300060000000002,0.9591509425283484,0.014210898970299441,0.013233318195755987
2012-03-23,ISRG.csv,1.0999909999999886,3.3164399501904454,0.006148636315773094,0.01853795450764769
2012-03-26,VRTX.csv,0.4300010000000043,0.4512408484994168,0.010396542301824515,0.01091007827827221
2012-03-26,PRGO.csv,0.5599979999999931,-9.44885077155378,0.005393931805047132,-0.09101185485989001
2012-03-26,DVN.csv,-0.02999900000000366,2.03634680772184,-0.0004130955488944783,0.0280411281134461
2012-03-26,NLSN.csv,0.08999999999999986,-2.1662080041696217,0.0029498525073746265,-0.07099993458438618
2012-03-26,MRO.csv,0.2700010000000006,2.367094723519217,0.008236760470920106,0.07221155569648482
2012-03-27,MDT.csv,0.4399979999999957,0.07766674486729913,0.010997201249547568,0.001941183422885928
2012-03-27,LUK.csv,0.4284319999999937,-0.10953082415073408,0.01604081941348278,-0.004100917229366364
2012-03-27,MRO.csv,0.6100009999999969,2.3956078872601787,0.018683031014821896,0.07337236571257112
2012-03-27,DVN.csv,1.359993000000003,2.1350292324539604,0.018753351575566155,0.029440558753111367
2012-03-27,PRGO.csv,0.9199980000000068,-9.997178016464957,0.008873437500000065,-0.0964233990785586
2012-03-28,TIF.csv,1.4300000000000068,1.180832747752894,0.02000000000000009,0.0165151433252153
2012-03-28,VRTX.csv,0.6400030000000001,0.5447964404257797,0.015579429621254644,0.013261840650002394
2012-03-28,A.csv,0.5937039999999989,-0.6958478463071764,0.018273849128461427,-0.021417774783026863
2012-03-28,FOX.csv,0.3268550000000019,0.06119501555829247,0.0182086555777828,0.0034090925987915162
2012-03-28,TPR.csv,1.25,1.2671465455099078,0.015905332276642436,0.016123509479627762
2015-03-03,QRVO.csv,-1.4799950000000024,-0.21432755921886584,-0.02133787454818524,-0.0030900743386503963
2015-03-04,QRVO.csv,-1.7899940000000072,-0.6139703237947073,-0.02548759680389032,-0.008742279617939178
2015-03-05,QRVO.csv,-2.310005000000004,-0.005275526398808683,-0.03199453041528525,-7.306823570655666e-05
2015-03-06,QRVO.csv,0.4300010000000043,0.15005980702783067,0.0058575259034178,0.0020441329362661615
2015-03-09,QRVO.csv,-1.5900040000000075,0.0050816046157104435,-0.02170950359665504,6.938291581753518e-05
2015-03-10,QRVO.csv,1.9799950000000024,-0.03804493015807857,0.02670976770712674,-0.000513219097500821
2015-03-11,QRVO.csv,-0.2799990000000037,0.11804920332496525,-0.003853020609688249,0.0016244558493721886
2015-03-12,QRVO.csv,-0.08000199999999325,0.24741346473419898,-0.0010908372561132026,0.0033735134746148477
2015-03-13,QRVO.csv,0.7799980000000062,0.27800791024478105,0.010633919853685695,0.003790155662237115
2015-03-16,QRVO.csv,-2.120003000000011,0.3163743819897651,-0.02856761930423973,0.004263231185190625
2015-03-17,QRVO.csv,-1.5499949999999956,0.409867528932864,-0.02035182403614364,0.00538166370018657
2015-03-18,QRVO.csv,-2.099998,0.5127636385250973,-0.02697146125132981,0.006585713228093811
2015-03-19,QRVO.csv,1.1400000000000006,0.5941149990693012,0.013984298846330926,0.007287966400063794
2015-03-20,QRVO.csv,0.6399990000000031,0.6736416260843797,0.00785853369699086,0.008271630765485241
2015-03-23,QRVO.csv,-2.9399939999999987,0.7692046243488122,-0.03622913034555438,0.009478799819977974
2015-03-24,QRVO.csv,1.3899990000000029,0.873276029408032,0.01643024861537234,0.010322411939159051
2015-03-25,QRVO.csv,6.420006000000001,0.9758159835470944,0.0768402844940652,0.011679424877424537
2015-03-26,QRVO.csv,-3.6900020000000064,1.079356924328212,-0.0502041088435375,0.014685128222152543
2015-03-27,QRVO.csv,-1.6500020000000006,1.1892850088083422,-0.02125469617112056,0.015319915686823253
2015-03-30,QRVO.csv,-1.1800010000000043,1.3050159332994522,-0.01470956102331642,0.0162679620672088
